Geographic area,Municipality Type,County,Population,Housing units,Total area,Water area,Land area,Population Density,Housing Density,Tourism Region
Absecon,city,Atlantic,8411,3365,7.29,1.90,5.40,1558.80,623.60,Atlantic City Area
Atlantic City,city,Atlantic,39558,20013,17.04,6.29,10.75,3680.80,1862.20,Atlantic City Area
Brigantine,city,Atlantic,9450,9222,10.36,3.98,6.39,1479.50,1443.80,Atlantic City Area
Buena,borough,Atlantic,4603,1855,7.58,0.00,7.58,607.40,244.80,Atlantic City Area
Buena Vista,township,Atlantic,7570,3008,41.53,0.47,41.05,184.40,73.30,Atlantic City Area
Corbin City,city,Atlantic,492,212,8.94,1.28,7.67,64.20,27.70,Atlantic City Area
Egg Harbor,city,Atlantic,4243,1736,11.44,0.51,10.93,388.10,158.80,Atlantic City Area
Egg Harbor City,township,Atlantic,43323,16347,74.93,8.34,66.60,650.50,245.50,Atlantic City Area
Estell Manor,city,Atlantic,1735,673,55.10,1.78,53.32,32.50,12.60,Atlantic City Area
Folsom,borough,Atlantic,1885,717,8.44,0.24,8.20,229.80,87.40,Atlantic City Area
Galloway,township,Atlantic,37349,14132,115.21,26.14,89.07,419.30,158.70,Atlantic City Area
Hamilton Township,township,Atlantic,26503,10196,113.07,1.94,111.13,238.50,91.80,Atlantic City Area
Hammonton,town,Atlantic,14791,5715,41.42,0.53,40.89,361.80,139.80,Atlantic City Area
Linwood,city,Atlantic,7092,2798,4.24,0.38,3.87,1834.90,723.90,Atlantic City Area
Longport,borough,Atlantic,895,1656,1.56,1.17,0.39,2323.70,4299.40,Atlantic City Area
Margate City,city,Atlantic,6354,7114,1.63,0.22,1.42,4490.30,5027.40,Atlantic City Area
Mullica Township,township,Atlantic,6147,2360,56.90,0.48,56.42,108.90,41.80,Atlantic City Area
Northfield,city,Atlantic,8624,3260,3.44,0.04,3.40,2533.70,957.80,Atlantic City Area
Pleasantville,city,Atlantic,20249,7219,7.30,1.60,5.69,3556.50,1267.90,Atlantic City Area
Port Republic,city,Atlantic,1115,444,8.58,1.10,7.48,149.00,59.30,Atlantic City Area
Somers Point,city,Atlantic,10795,5556,5.16,1.13,4.03,2678.80,1378.70,Atlantic City Area
Ventnor City,city,Atlantic,10650,7829,3.52,1.57,1.95,5457.40,4011.80,Atlantic City Area
Weymouth Township,township,Atlantic,2715,1220,12.45,0.36,12.09,224.60,100.90,Atlantic City Area
Allendale,borough,Bergen,6505,2388,3.12,0.02,3.10,2100.70,771.20,Gateway
Alpine,borough,Bergen,1849,670,9.23,2.82,6.41,288.40,104.50,Gateway
Bergenfield,borough,Bergen,26764,9200,2.89,0.01,2.88,9306.50,3199.10,Gateway
Bogota,borough,Bergen,8187,2888,0.81,0.05,0.76,10702.50,3775.40,Gateway
Carlstadt,borough,Bergen,6127,2495,4.24,0.24,4.00,1532.10,623.90,Gateway
Cliffside Park,borough,Bergen,23594,10665,0.96,0.00,0.96,24508.70,11078.50,Gateway
Closter,borough,Bergen,8373,2860,3.30,0.13,3.16,2646.00,903.80,Gateway
Cresskill,borough,Bergen,8573,3114,2.07,0.01,2.06,4154.50,1509.00,Gateway
Demarest,borough,Bergen,4881,1659,2.08,0.01,2.07,2361.80,802.70,Gateway
Dumont,borough,Bergen,17479,6542,1.99,0.00,1.98,8814.70,3299.20,Gateway
East Rutherford,borough,Bergen,8913,4018,4.05,0.34,3.71,2403.20,1083.40,Gateway
Edgewater,borough,Bergen,11513,6282,2.42,1.49,0.94,12312.00,6718.00,Gateway
Elmwood Park,borough,Bergen,19403,7385,2.76,0.11,2.65,7327.90,2789.10,Gateway
Emerson,borough,Bergen,7401,2552,2.40,0.20,2.20,3358.90,1158.20,Gateway
Englewood,city,Bergen,27147,10695,4.94,0.02,4.91,5524.60,2176.50,Gateway
Englewood Cliffs,borough,Bergen,5281,1924,3.33,1.24,2.09,2528.10,921.00,Gateway
Fair Lawn,borough,Bergen,32457,12266,5.20,0.06,5.14,6315.40,2386.70,Gateway
Fairview,borough,Bergen,13835,5150,0.84,0.00,0.84,16421.80,6112.90,Gateway
Fort Lee,borough,Bergen,35345,17818,2.89,0.35,2.54,13910.90,7012.70,Gateway
Franklin Lakes,borough,Bergen,10590,3692,9.85,0.47,9.38,1129.10,393.60,Gateway
Garfield,city,Bergen,30487,11788,2.16,0.06,2.10,14524.80,5616.10,Gateway
Glen Rock,borough,Bergen,11601,4016,2.74,0.02,2.71,4275.20,1480.00,Gateway
Hackensack,city,Bergen,43010,19375,4.35,0.17,4.18,10290.00,4635.40,Gateway
Harrington Park,borough,Bergen,4664,1624,2.06,0.23,1.83,2545.90,886.50,Gateway
Hasbrouck Heights,borough,Bergen,11842,4627,1.51,0.00,1.51,7865.40,3073.20,Gateway
Haworth,borough,Bergen,3382,1136,2.36,0.41,1.94,1739.20,584.20,Gateway
Hillsdale,borough,Bergen,10219,3567,2.96,0.01,2.95,3464.80,1209.40,Gateway
Ho-Ho-Kus,borough,Bergen,4078,1462,1.75,0.01,1.74,2350.30,842.60,Gateway
Leonia,borough,Bergen,8937,3428,1.63,0.10,1.54,5819.50,2232.20,Gateway
Little Ferry,borough,Bergen,10626,4439,1.70,0.23,1.48,7200.10,3007.80,Gateway
Lodi,borough,Bergen,24136,10127,2.29,0.02,2.26,10657.60,4471.70,Gateway
Lyndhurst,township,Bergen,20554,8787,4.89,0.34,4.56,4509.30,1927.70,Gateway
Mahwah,township,Bergen,25890,9868,26.19,0.50,25.69,1007.70,384.10,Gateway
Maywood,borough,Bergen,9555,3769,1.29,0.00,1.29,7428.00,2930.00,Gateway
Midland Park,borough,Bergen,7128,2861,1.56,0.01,1.56,4583.20,1839.60,Gateway
Montvale,borough,Bergen,7844,2872,4.01,0.01,4.00,1961.20,718.10,Gateway
Moonachie,borough,Bergen,2708,1053,1.68,0.01,1.66,1626.50,632.50,Gateway
New Milford,borough,Bergen,16341,6362,2.31,0.03,2.27,7186.00,2797.70,Gateway
North Arlington,borough,Bergen,15392,6573,2.62,0.06,2.56,6010.30,2566.60,Gateway
Northvale,borough,Bergen,4640,1635,1.30,0.00,1.30,3582.30,1262.30,Gateway
Norwood,borough,Bergen,5711,2007,2.73,0.01,2.73,2093.50,735.70,Gateway
Oakland,borough,Bergen,12754,4470,8.73,0.27,8.45,1508.60,528.70,Gateway
Old Tappan,borough,Bergen,5750,1995,4.20,0.87,3.33,1725.80,598.80,Gateway
Oradell,borough,Bergen,7978,2831,2.58,0.15,2.42,3291.50,1168.00,Gateway
Palisades Park,borough,Bergen,19622,7362,1.28,0.02,1.25,15681.60,5883.60,Gateway
Paramus,borough,Bergen,26342,8915,10.52,0.05,10.47,2516.00,851.50,Gateway
Park Ridge,borough,Bergen,8645,3428,2.60,0.02,2.58,3348.60,1327.80,Gateway
Ramsey,borough,Bergen,14473,5550,5.59,0.07,5.52,2621.90,1005.40,Gateway
Ridgefield,borough,Bergen,11032,4145,2.85,0.30,2.55,4323.70,1624.50,Gateway
Ridgefield Park,village,Bergen,12729,5164,1.92,0.20,1.72,7385.60,2996.20,Gateway
Ridgewood,village,Bergen,24958,8743,5.82,0.07,5.75,4339.00,1520.00,Gateway
River Edge,borough,Bergen,11340,4261,1.90,0.04,1.85,6116.30,2298.20,Gateway
River Vale,township,Bergen,9659,3521,4.28,0.26,4.01,2408.10,877.80,Gateway
Rochelle Park,township,Bergen,5530,2170,1.06,0.02,1.04,5313.80,2085.20,Gateway
Rockleigh,borough,Bergen,531,86,0.98,0.01,0.97,548.10,88.80,Gateway
Rutherford,borough,Bergen,18061,7278,2.94,0.14,2.81,6437.40,2594.10,Gateway
Saddle Brook,township,Bergen,13659,5485,2.72,0.03,2.69,5080.20,2040.00,Gateway
Saddle River,borough,Bergen,3152,1341,4.98,0.06,4.92,640.20,272.40,Gateway
South Hackensack,township,Bergen,2378,879,0.74,0.02,0.72,3311.70,1224.10,Gateway
Teaneck,township,Bergen,39776,14024,6.23,0.22,6.01,6622.20,2334.80,Gateway
Tenafly,borough,Bergen,14488,4980,5.18,0.58,4.60,3148.60,1082.30,Gateway
Teterboro,borough,Bergen,67,27,1.16,0.00,1.16,57.90,23.30,Gateway
Upper Saddle River,borough,Bergen,8208,2776,5.28,0.02,5.26,1560.00,527.60,Gateway
Waldwick,borough,Bergen,9625,3537,2.09,0.02,2.07,4656.80,1711.30,Gateway
Wallington,borough,Bergen,11335,4946,1.03,0.05,0.98,11528.60,5030.50,Gateway
Washington Township,township,Bergen,9102,3341,2.96,0.05,2.91,3128.80,1148.50,Gateway
Westwood,borough,Bergen,10908,4636,2.31,0.05,2.27,4814.50,2046.20,Gateway
Woodcliff Lake,borough,Bergen,5730,1980,3.61,0.20,3.41,1682.70,581.50,Gateway
Wood-Ridge,borough,Bergen,7626,3051,1.10,0.00,1.10,6951.60,2781.20,Gateway
Wyckoff,township,Bergen,16696,5827,6.61,0.06,6.55,2550.10,890.00,Gateway
Bass River Township,township,Burlington,1443,587,78.27,3.22,75.04,19.20,7.80,Delaware River
Beverly,city,Burlington,2577,1086,0.78,0.23,0.55,4645.40,1957.70,Delaware River
Bordentown,city,Burlington,3924,2014,0.97,0.04,0.93,4222.30,2167.10,Delaware River
Bordentown Township,township,Burlington,11367,4360,9.33,0.82,8.51,1335.00,512.10,Delaware River
Burlington,city,Burlington,9920,4223,3.78,0.72,3.06,3239.10,1378.90,Delaware River
Burlington Township,township,Burlington,22594,8105,13.98,0.56,13.42,1684.20,604.20,Delaware River
Chesterfield,township,Burlington,7699,1601,21.52,0.19,21.33,360.90,75.00,Delaware River
Cinnaminson,township,Burlington,15569,5758,8.06,0.56,7.50,2074.50,767.20,Delaware River
Delanco,township,Burlington,4283,1853,3.35,0.99,2.36,1817.90,786.50,Delaware River
Delran,township,Burlington,16896,6442,7.21,0.62,6.59,2563.40,977.40,Delaware River
Eastampton,township,Burlington,6069,2380,5.83,0.08,5.75,1055.60,414.00,Delaware River
Edgewater Park,township,Burlington,8881,3926,3.04,0.15,2.89,3068.80,1356.60,Delaware River
Evesham,township,Burlington,45538,18303,29.71,0.42,29.28,1555.10,625.00,Delaware River
Fieldsboro,borough,Burlington,540,221,0.27,0.00,0.27,2007.70,821.70,Delaware River
Florence,township,Burlington,12109,5053,10.18,0.40,9.78,1238.10,516.60,Delaware River
Hainesport,township,Burlington,6110,2305,6.72,0.26,6.46,945.90,356.80,Delaware River
Lumberton,township,Burlington,12559,4719,13.06,0.13,12.92,971.70,365.10,Delaware River
Mansfield Township,township,Burlington,8544,3529,21.91,0.17,21.74,393.00,162.30,Delaware River
Maple Shade,township,Burlington,19131,9186,3.82,0.00,3.82,5006.10,2403.70,Delaware River
Medford,borough,Burlington,4146,1543,1.29,0.13,1.16,3569.50,1328.40,Delaware River
Medford Lakes,township,Burlington,23033,8652,39.93,1.01,38.92,591.80,222.30,Delaware River
Moorestown,township,Burlington,20726,7862,14.92,0.23,14.69,1410.60,535.10,Delaware River
Mount Holly,township,Burlington,9536,3861,2.85,0.05,2.81,3397.90,1375.80,Delaware River
Mount Laurel,township,Burlington,41864,18249,21.97,0.28,21.69,1930.00,841.30,Delaware River
New Hanover,township,Burlington,7385,613,22.40,0.22,22.18,333.00,27.60,Delaware River
North Hanover,township,Burlington,7678,3370,17.42,0.14,17.28,444.20,195.00,Delaware River
Palmyra,borough,Burlington,7398,3392,2.55,0.69,1.86,3968.40,1819.50,Delaware River
Pemberton,borough,Burlington,1409,642,0.60,0.02,0.58,2408.70,1097.50,Delaware River
Pemberton Township,township,Burlington,27912,10749,62.50,1.22,61.28,455.50,175.40,Delaware River
Riverside,township,Burlington,8079,3147,1.61,0.12,1.49,5425.90,2113.50,Delaware River
Riverton,borough,Burlington,2779,1112,0.97,0.30,0.66,4179.40,1672.30,Delaware River
Shamong,township,Burlington,6490,2227,44.99,0.60,44.39,146.20,50.20,Delaware River
Southampton,township,Burlington,10464,5024,44.22,0.56,43.67,239.60,115.10,Delaware River
Springfield Township,township,Burlington,3414,1217,30.00,0.06,29.94,114.00,40.60,Delaware River
Tabernacle,township,Burlington,6949,2445,49.61,0.49,49.12,141.50,49.80,Delaware River
Washington Township,township,Burlington,687,284,102.71,3.18,99.52,6.90,2.90,Delaware River
Westampton,township,Burlington,8813,3291,11.19,0.17,11.03,799.40,298.50,Delaware River
Willingboro,township,Burlington,31629,11442,8.15,0.41,7.74,4087.30,1478.60,Delaware River
Woodland Township,township,Burlington,1788,494,96.39,1.83,94.56,18.90,5.20,Delaware River
Wrightstown,borough,Burlington,802,348,1.77,0.00,1.77,453.60,196.80,Delaware River
Audubon,borough,Camden,8819,3779,1.50,0.02,1.49,5925.70,2539.20,Delaware River
Audubon Park,borough,Camden,1023,499,0.16,0.01,0.15,7046.70,3437.30,Delaware River
Barrington,borough,Camden,6983,3158,1.61,0.00,1.61,4346.00,1965.40,Delaware River
Bellmawr,borough,Camden,11583,4883,3.11,0.13,2.98,3887.70,1638.90,Delaware River
Berlin,borough,Camden,7588,2949,3.60,0.01,3.59,2114.90,821.90,Delaware River
Berlin Township,township,Camden,5357,2069,3.24,0.01,3.23,1657.50,640.20,Delaware River
Brooklawn,borough,Camden,1955,806,0.52,0.03,0.49,3974.60,1638.60,Delaware River
Camden,city,Camden,77344,28358,10.34,1.42,8.92,8669.60,3178.70,Delaware River
Cherry Hill,township,Camden,71045,28452,24.24,0.15,24.10,2948.30,1180.70,Delaware River
Chesilhurst,borough,Camden,1634,621,1.72,0.00,1.72,951.20,361.50,Delaware River
Clementon,borough,Camden,5000,2235,1.97,0.06,1.91,2612.00,1167.60,Delaware River
Collingswood,borough,Camden,13926,6822,1.92,0.10,1.82,7639.40,3742.30,Delaware River
Gibbsboro,borough,Camden,2274,809,2.22,0.04,2.18,1041.90,370.70,Delaware River
Gloucester City,city,Camden,11456,4712,2.78,0.46,2.32,4937.80,2031.00,Delaware River
Gloucester Township,township,Camden,64634,24711,23.26,0.28,22.98,2812.20,1075.20,Delaware River
Haddon Heights,borough,Camden,7473,3159,1.57,0.01,1.57,4764.10,2013.90,Delaware River
Haddon Township,township,Camden,14707,6477,2.79,0.10,2.69,5472.60,2410.10,Delaware River
Haddonfield,borough,Camden,11593,4634,2.87,0.05,2.82,4104.90,1640.80,Delaware River
Hi-Nella,borough,Camden,870,420,0.23,0.00,0.23,3773.30,1821.60,Delaware River
Laurel Springs,borough,Camden,1908,771,0.47,0.01,0.46,4163.70,1682.50,Delaware River
Lawnside,borough,Camden,2945,1174,1.41,0.00,1.41,2091.50,833.70,Delaware River
Lindenwold,borough,Camden,17613,8251,3.95,0.06,3.89,4525.10,2119.80,Delaware River
Magnolia,borough,Camden,4341,1850,0.97,0.00,0.97,4485.30,1911.50,Delaware River
Merchantville,borough,Camden,3821,1688,0.60,0.00,0.60,6371.30,2814.60,Delaware River
Mount Ephraim,borough,Camden,4676,2010,0.90,0.02,0.88,5307.90,2281.60,Delaware River
Oaklyn,borough,Camden,4038,1847,0.69,0.07,0.63,6432.90,2942.40,Delaware River
Pennsauken,township,Camden,35885,13275,12.08,1.65,10.44,3438.90,1272.20,Delaware River
Pine Hill,borough,Camden,10233,4357,3.91,0.04,3.87,2643.40,1125.50,Delaware River
Pine Valley,borough,Camden,12,22,1.00,0.02,0.98,12.20,22.40,Delaware River
Runnemede,borough,Camden,8468,3548,2.11,0.06,2.06,4117.20,1725.10,Delaware River
Somerdale,borough,Camden,5151,2158,1.39,0.00,1.39,3714.00,1556.00,Delaware River
Stratford,borough,Camden,7040,2761,1.55,0.00,1.55,4547.00,1783.30,Delaware River
Tavistock,borough,Camden,5,3,0.26,0.00,0.25,19.70,11.80,Delaware River
Voorhees,township,Camden,29131,12260,11.64,0.15,11.49,2534.90,1066.80,Delaware River
Waterford,township,Camden,10649,3839,36.27,0.23,36.04,295.50,106.50,Delaware River
Winslow,township,Camden,39499,14560,58.19,0.85,57.34,688.80,253.90,Delaware River
Woodlynne,borough,Camden,2978,1016,0.23,0.01,0.22,13600.40,4640.00,Delaware River
Avalon,borough,Cape May,1334,5434,4.93,0.77,4.15,321.30,1308.80,Southern Shore
Cape May,city,Cape May,3607,4155,2.74,0.34,2.40,1500.60,1728.50,Southern Shore
Cape May Point,borough,Cape May,291,619,0.31,0.02,0.30,984.50,2094.20,Southern Shore
Dennis Township,township,Cape May,6467,2672,64.33,3.53,60.80,106.40,43.90,Southern Shore
Lower Township,township,Cape May,22866,14507,31.01,3.27,27.74,824.30,523.00,Southern Shore
Middle Township,township,Cape May,18911,9296,82.96,12.62,70.33,268.90,132.20,Southern Shore
North Wildwood,city,Cape May,4041,8840,2.13,0.38,1.75,2305.80,5044.10,Southern Shore
Ocean City,city,Cape May,11701,20871,10.80,4.46,6.33,1847.70,3295.70,Southern Shore
Sea Isle City,city,Cape May,2114,6900,2.53,0.36,2.17,974.50,3180.80,Southern Shore
Stone Harbor,borough,Cape May,866,3247,1.96,0.56,1.40,619.60,2323.30,Southern Shore
Upper Township,township,Cape May,12373,6341,68.69,6.54,62.15,199.10,102.00,Southern Shore
West Cape May,borough,Cape May,1024,1043,1.18,0.01,1.17,878.80,895.10,Southern Shore
West Wildwood,borough,Cape May,603,893,0.35,0.07,0.28,2188.40,3240.90,Southern Shore
Wildwood,city,Cape May,5325,6843,1.39,0.09,1.30,4082.00,5245.70,Southern Shore
Wildwood Crest,borough,Cape May,3270,5569,1.31,0.18,1.13,2884.00,4911.60,Southern Shore
Woodbine,borough,Cape May,2472,1079,8.02,0.00,8.02,308.20,134.50,Southern Shore
Bridgeton,city,Cumberland,25349,6782,6.43,0.25,6.18,4102.50,1097.60,Southern Shore
Commercial Township,township,Cumberland,5178,2115,34.44,2.31,32.13,161.20,65.80,Southern Shore
Deerfield Township,township,Cumberland,3119,1143,16.80,0.03,16.76,186.10,68.20,Southern Shore
Downe Township,township,Cumberland,1585,996,54.27,5.66,48.61,32.60,20.50,Southern Shore
Fairfield Township,township,Cumberland,6295,2058,43.95,2.69,41.26,152.60,49.90,Southern Shore
Greenwich Township,township,Cumberland,804,369,18.83,1.00,17.84,45.10,20.70,Southern Shore
Hopewell Township,township,Cumberland,4571,1741,30.83,0.95,29.87,153.00,58.30,Southern Shore
Lawrence Township,township,Cumberland,3290,1221,38.33,1.41,36.92,89.10,33.10,Southern Shore
Maurice River,township,Cumberland,7976,1506,95.76,2.65,93.11,85.70,16.20,Southern Shore
Millville,city,Cumberland,28400,11435,44.49,2.49,42.00,676.20,272.30,Southern Shore
Shiloh,borough,Cumberland,516,214,1.21,0.00,1.21,427.30,177.20,Southern Shore
Stow Creek Township,township,Cumberland,1431,568,18.85,0.55,18.30,78.20,31.00,Southern Shore
Upper Deerfield,township,Cumberland,7660,3025,31.27,0.18,31.10,246.30,97.30,Southern Shore
Vineland,city,Cumberland,60724,22661,69.03,0.61,68.42,887.50,331.20,Southern Shore
Belleville,township,Essex,35926,14327,3.40,0.06,3.34,10755.70,4289.30,Gateway
Bloomfield,township,Essex,47315,19470,5.33,0.02,5.30,8920.50,3670.70,Gateway
Caldwell,borough,Essex,7822,3510,1.17,0.00,1.17,6710.30,3011.10,Gateway
Cedar Grove,township,Essex,12411,4661,4.38,0.13,4.25,2918.60,1096.10,Gateway
East Orange,township,Essex,30134,12222,2.20,0.00,2.20,13705.70,5558.90,Gateway
Essex Fells,city,Essex,64270,28803,3.92,0.00,3.92,16377.10,7339.50,Gateway
Fairfield,borough,Essex,2113,758,1.42,0.01,1.41,1496.30,536.80,Gateway
Glen Ridge,township,Essex,7466,2723,10.46,0.16,10.30,725.10,264.50,Gateway
Irvington,borough,Essex,7527,2541,1.29,0.00,1.28,5872.80,1982.60,Gateway
Livingston,township,Essex,53926,23196,2.93,0.00,2.93,18417.00,7922.00,Gateway
Maplewood,township,Essex,29366,10284,14.08,0.31,13.77,2132.80,746.90,Gateway
Millburn,township,Essex,23867,8608,3.88,0.00,3.88,6155.30,2220.00,Gateway
Montclair,township,Essex,20149,7106,9.88,0.55,9.32,2161.30,762.20,Gateway
Newark,township,Essex,37669,15911,6.32,0.01,6.31,5971.20,2522.20,Gateway
North Caldwell,city,Essex,277140,109520,26.11,1.92,24.19,11458.30,4528.10,Gateway
Nutley,borough,Essex,6183,2134,3.02,0.00,3.01,2053.20,708.60,Gateway
Orange,township,Essex,28370,11789,3.43,0.04,3.38,8384.10,3484.00,Gateway
Roseland,borough,Essex,5819,2432,3.56,0.02,3.54,1644.40,687.30,Gateway
South Orange,township,Essex,16198,5815,2.86,0.00,2.86,5672.80,2036.50,Gateway
Verona,township,Essex,13332,5523,2.78,0.02,2.76,4838.40,2004.40,Gateway
West Caldwell,township,Essex,10759,4009,5.07,0.01,5.05,2128.50,793.10,Gateway
West Orange,township,Essex,46207,17612,12.17,0.13,12.05,3836.00,1462.10,Gateway
Clayton,borough,Gloucester,8179,3128,7.33,0.19,7.14,1145.50,438.10,Delaware River
Deptford,township,Gloucester,30561,12361,17.61,0.25,17.36,1760.30,712.00,Delaware River
East Greenwich,township,Gloucester,9555,3405,14.92,0.48,14.44,661.70,235.80,Delaware River
Elk,township,Gloucester,4216,1576,19.69,0.19,19.49,216.30,80.80,Delaware River
Franklin Township,township,Gloucester,16820,6104,56.47,0.56,55.91,300.90,109.20,Delaware River
Glassboro,borough,Gloucester,18579,6590,9.22,0.04,9.18,2022.90,717.50,Delaware River
Greenwich Township,township,Gloucester,4899,2048,12.03,3.06,8.97,546.20,228.30,Delaware River
Harrison Township,township,Gloucester,12417,4089,19.23,0.09,19.14,648.70,213.60,Delaware River
Logan Township,township,Gloucester,6042,2172,26.93,5.00,21.93,275.60,99.10,Delaware River
Mantua,township,Gloucester,15217,5980,15.92,0.07,15.85,960.10,377.30,Delaware River
Monroe Township,township,Gloucester,36129,13387,46.93,0.53,46.39,778.80,288.60,Delaware River
National Park,borough,Gloucester,3036,1153,1.45,0.45,1.00,3023.20,1148.10,Delaware River
Newfield,borough,Gloucester,1553,626,1.71,0.00,1.70,912.00,367.60,Delaware River
Paulsboro,borough,Gloucester,6097,2533,2.60,0.71,1.90,3216.40,1336.20,Delaware River
Pitman,borough,Gloucester,9011,3705,2.31,0.04,2.27,3976.10,1634.80,Delaware River
South Harrison,township,Gloucester,3162,1056,15.73,0.05,15.68,201.70,67.40,Delaware River
Swedesboro,borough,Gloucester,2584,1004,0.76,0.03,0.72,3568.40,1386.50,Delaware River
Washington Township,township,Gloucester,48559,17810,21.60,0.22,21.38,2271.00,833.00,Delaware River
Wenonah,borough,Gloucester,2278,860,0.98,0.01,0.97,2342.80,884.40,Delaware River
West Deptford,township,Gloucester,21677,9441,17.87,2.45,15.41,1406.60,612.60,Delaware River
Westville,borough,Gloucester,4288,1912,1.38,0.35,1.02,4187.00,1867.00,Delaware River
Woodbury,city,Gloucester,10174,4456,2.06,0.05,2.01,5064.00,2217.90,Delaware River
Woodbury Heights,borough,Gloucester,3055,1125,1.23,0.01,1.22,2499.40,920.40,Delaware River
Woolwich Township,township,Gloucester,10200,3275,21.23,0.32,20.91,487.80,156.60,Delaware River
Bayonne,city,Hudson,63024,27799,11.08,5.28,5.80,10858.30,4789.40,Gateway
East Newark,borough,Hudson,2406,794,0.12,0.02,0.10,23532.10,7765.80,Gateway
Guttenberg,town,Hudson,11176,4839,0.24,0.05,0.20,57116.00,24730.20,Gateway
Harrison,town,Hudson,13620,5228,1.32,0.12,1.20,11319.30,4344.90,Gateway
Hoboken,city,Hudson,50005,26855,2.01,0.74,1.28,39212.00,21058.70,Gateway
Jersey City,city,Hudson,247597,108720,21.08,6.29,14.79,16736.60,7349.10,Gateway
Kearny,town,Hudson,40684,14180,10.19,1.42,8.77,4636.50,1616.00,Gateway
North Bergen,township,Hudson,60773,23912,5.57,0.44,5.13,11838.00,4657.80,Gateway
Secaucus,town,Hudson,16264,6846,6.60,0.78,5.82,2793.70,1175.90,Gateway
Union City,city,Hudson,66455,24931,1.28,0.00,1.28,51810.10,19436.90,Gateway
Weehawken,township,Hudson,12554,6213,1.48,0.68,0.80,15764.60,7801.90,Gateway
West New York,town,Hudson,49708,20018,1.33,0.32,1.01,49341.70,19870.50,Gateway
Alexandria Township,township,Hunterdon,4938,1865,27.64,0.22,27.42,180.10,68.00,Skyland
Bethlehem Township,township,Hunterdon,3979,1386,20.83,0.12,20.71,192.10,66.90,Skyland
Bloomsbury,borough,Hunterdon,870,358,0.91,0.03,0.88,991.90,408.10,Skyland
Califon,borough,Hunterdon,1076,419,0.97,0.02,0.95,1133.30,441.30,Skyland
Clinton,town,Hunterdon,2719,1098,1.42,0.08,1.34,2032.60,820.80,Skyland
Clinton Township,township,Hunterdon,13478,4737,33.82,3.95,29.88,451.10,158.60,Skyland
Delaware Township,township,Hunterdon,4563,1927,37.02,0.39,36.64,124.50,52.60,Skyland
East Amwell,township,Hunterdon,4013,1580,28.56,0.10,28.46,141.00,55.50,Skyland
Flemington,borough,Hunterdon,4581,1926,1.08,0.00,1.08,4252.20,1787.80,Skyland
Franklin Township,township,Hunterdon,3195,1204,23.00,0.20,22.80,140.10,52.80,Skyland
Frenchtown,borough,Hunterdon,1373,656,1.36,0.10,1.26,1087.20,519.40,Skyland
Glen Gardner,borough,Hunterdon,1704,825,1.52,0.00,1.52,1117.80,541.20,Skyland
Hampton,borough,Hunterdon,1401,612,1.54,0.01,1.53,915.10,399.70,Skyland
High Bridge,borough,Hunterdon,3648,1481,2.43,0.04,2.39,1526.90,619.90,Skyland
Holland Township,township,Hunterdon,5291,2066,24.02,0.51,23.51,225.00,87.90,Skyland
Kingwood,township,Hunterdon,3845,1569,35.77,0.62,35.16,109.40,44.60,Skyland
Lambertville,city,Hunterdon,3906,2075,1.30,0.14,1.15,3386.10,1798.80,Skyland
Lebanon,borough,Hunterdon,1358,664,0.89,0.00,0.89,1532.00,749.10,Skyland
Lebanon Township,township,Hunterdon,6588,2439,31.70,0.24,31.46,209.40,77.50,Skyland
Milford,borough,Hunterdon,1233,552,1.23,0.08,1.15,1073.40,480.50,Skyland
Raritan Township,township,Hunterdon,22185,8288,37.69,0.16,37.53,591.20,220.90,Skyland
Readington,township,Hunterdon,16126,6191,48.04,0.30,47.74,337.80,129.70,Skyland
Stockton,borough,Hunterdon,538,259,0.61,0.08,0.54,1005.60,484.10,Skyland
Tewksbury,township,Hunterdon,5993,2323,31.70,0.17,31.53,190.10,73.70,Skyland
Union Township,township,Hunterdon,5908,1830,20.61,1.87,18.74,315.30,97.70,Skyland
West Amwell,township,Hunterdon,3840,1157,21.78,0.19,21.58,177.90,53.60,Skyland
East Windsor,township,Mercer,27190,10851,15.74,0.10,15.65,1737.60,693.40,Delaware River
Ewing,township,Mercer,35790,13926,15.60,0.35,15.25,2346.90,913.20,Delaware River
Hamilton,township,Mercer,88464,36170,40.39,0.90,39.49,2240.20,915.90,Delaware River
Hightstown,borough,Mercer,5494,2108,1.24,0.03,1.21,4536.00,1740.40,Delaware River
Hopewell,borough,Mercer,1922,817,0.70,0.00,0.70,2735.20,1162.70,Delaware River
Hopwell Township,township,Mercer,17304,6551,58.91,0.88,58.03,298.20,112.90,Delaware River
Lawrence,township,Mercer,33472,13239,22.06,0.25,21.81,1534.80,607.10,Delaware River
Pennington,borough,Mercer,2585,1083,0.96,0.00,0.96,2703.90,1132.80,Delaware River
Princeton,borough,Mercer,28572,10302,18.36,0.43,17.93,1593.53,574.57,Delaware River
Robbinsville,township,Mercer,13642,5277,20.49,0.18,20.32,671.50,259.70,Delaware River
Trenton,city,Mercer,84913,33035,8.16,0.51,7.65,11101.90,4319.20,Delaware River
West Windsor,township,Mercer,27165,9810,26.27,0.71,25.56,1062.60,383.70,Delaware River
Carteret,borough,Middlesex,22844,8148,5.00,0.58,4.42,5171.10,1844.40,Gateway
Cranbury,township,Middlesex,3857,1371,13.40,0.15,13.25,291.20,103.50,Gateway
Dunellen,borough,Middlesex,7227,2683,1.05,0.00,1.05,6894.80,2559.70,Gateway
East Brunswick,township,Middlesex,47512,17367,22.27,0.57,21.70,2189.60,800.40,Gateway
Edison,township,Middlesex,99967,36302,30.64,0.70,29.94,3339.00,1212.50,Gateway
Helmetta,borough,Middlesex,2178,920,0.91,0.06,0.85,2562.90,1082.60,Gateway
Highland Park,borough,Middlesex,13982,6203,1.82,0.01,1.81,7728.10,3428.50,Gateway
Jamesburg,borough,Middlesex,5915,2267,0.88,0.01,0.88,6741.80,2583.90,Gateway
Metuchen,borough,Middlesex,13574,5440,2.77,0.00,2.76,4910.40,1967.90,Gateway
Middlesex,borough,Middlesex,13635,5148,3.54,0.02,3.52,3876.20,1463.50,Gateway
Milltown,borough,Middlesex,6893,2698,1.60,0.04,1.55,4443.00,1739.00,Gateway
Monroe,township,Middlesex,39132,18002,42.23,0.26,41.97,932.30,428.90,Gateway
New Brunswick,city,Middlesex,55181,15053,5.79,0.56,5.23,10556.40,2879.70,Gateway
North Brunswick,township,Middlesex,40742,15045,12.27,0.27,12.00,3396.20,1254.10,Gateway
Old Bridge,township,Middlesex,65375,24638,40.78,2.72,38.06,1717.70,647.30,Gateway
Perth Amboy,city,Middlesex,50814,16556,5.96,1.26,4.70,10806.80,3521.00,Gateway
Piscataway,township,Middlesex,56044,17777,19.03,0.19,18.83,2975.50,943.80,Gateway
Plainsboro,township,Middlesex,22999,10089,12.21,0.42,11.78,1951.60,856.10,Gateway
Sayreville,borough,Middlesex,42704,16393,18.70,2.86,15.84,2695.70,1034.80,Gateway
South Amboy,city,Middlesex,8631,3576,2.69,1.15,1.55,5577.10,2310.70,Gateway
South Brunswick,township,Middlesex,43417,15708,41.04,0.39,40.65,1068.10,386.40,Gateway
South Plainfield,borough,Middlesex,23385,8093,8.36,0.03,8.33,2808.50,971.90,Gateway
South River,borough,Middlesex,16008,5957,2.92,0.15,2.77,5781.40,2151.40,Gateway
Spotswood,borough,Middlesex,8257,3242,2.47,0.20,2.27,3642.20,1430.10,Gateway
Woodbridge,township,Middlesex,99585,36124,24.51,1.29,23.21,4290.00,1556.20,Gateway
Aberdeen,township,Monmouth,18210,7102,7.77,2.33,5.45,3343.00,1303.80,Shore
Allenhurst,borough,Monmouth,496,365,0.28,0.02,0.26,1887.90,1389.30,Shore
Allentown,borough,Monmouth,1828,735,0.63,0.03,0.60,3023.90,1215.80,Shore
Asbury Park,city,Monmouth,16116,8076,1.60,0.18,1.42,11319.50,5672.40,Shore
Atlantic Highlands,borough,Monmouth,4385,2002,4.56,3.27,1.29,3401.20,1552.90,Shore
Avon-by-the-Sea,borough,Monmouth,1901,1321,0.54,0.12,0.43,4459.10,3098.60,Shore
Belmar,borough,Monmouth,5794,3931,1.65,0.60,1.05,5544.00,3761.40,Shore
Bradley Beach,borough,Monmouth,4298,3180,0.63,0.02,0.61,7023.60,5196.60,Shore
Brielle,borough,Monmouth,4774,2034,2.37,0.62,1.76,2717.50,1157.80,Shore
Colts Neck,township,Monmouth,10142,3735,31.79,1.06,30.73,330.00,121.50,Shore
Deal,borough,Monmouth,750,926,1.32,0.08,1.24,604.80,746.70,Shore
Eatontown,borough,Monmouth,12709,5723,5.88,0.05,5.83,2181.50,982.30,Shore
Englishtown,borough,Monmouth,1847,647,0.59,0.02,0.57,3245.70,1137.00,Shore
Fair Haven,borough,Monmouth,6121,2065,2.11,0.51,1.60,3832.50,1292.90,Shore
Farmingdale,borough,Monmouth,1329,578,0.52,0.00,0.52,2547.70,1108.00,Shore
Freehold Borough,borough,Monmouth,12052,4249,1.95,0.00,1.95,6180.80,2179.10,Shore
Freehold Township,township,Monmouth,36184,13140,38.73,0.22,38.50,939.80,341.30,Shore
Hazlet,township,Monmouth,20334,7417,5.67,0.12,5.56,3659.40,1334.80,Shore
Highlands,borough,Monmouth,5005,3146,1.37,0.60,0.77,6522.80,4100.10,Shore
Holmdel,township,Monmouth,16773,5792,18.11,0.22,17.90,937.30,323.70,Shore
Howell,township,Monmouth,51075,17979,61.21,0.65,60.56,843.40,296.90,Shore
Interlaken,borough,Monmouth,820,393,0.38,0.05,0.33,2482.30,1189.70,Shore
Keansburg,borough,Monmouth,10105,4318,16.79,15.72,1.07,9452.30,4039.10,Shore
Keyport,borough,Monmouth,7240,3272,1.47,0.07,1.40,5188.40,2344.80,Shore
Lake Como,borough,Monmouth,1759,1115,0.27,0.01,0.25,6943.60,4401.40,Shore
Little Silver,borough,Monmouth,5950,2278,3.32,0.61,2.71,2197.30,841.30,Shore
Loch Arbour,village,Monmouth,194,159,0.14,0.04,0.10,1928.20,1580.40,Shore
Long Branch,city,Monmouth,30719,14170,6.28,1.01,5.27,5824.40,2686.70,Shore
Manalapan,township,Monmouth,38872,13735,30.84,0.23,30.61,1270.00,448.80,Shore
Manasquan,borough,Monmouth,5897,3500,2.53,1.15,1.38,4263.00,2530.20,Shore
Marlboro,township,Monmouth,40191,13436,30.47,0.11,30.36,1323.70,442.50,Shore
Matawan,borough,Monmouth,8810,3606,2.40,0.14,2.26,3896.60,1594.90,Shore
Middletown,township,Monmouth,66522,24959,58.73,17.75,40.99,1622.90,608.90,Shore
Millstone Township,township,Monmouth,10566,3434,37.27,0.68,36.59,288.80,93.90,Shore
Monmouth Beach,borough,Monmouth,3279,1981,2.07,0.99,1.08,3049.50,1842.40,Shore
Neptune,city,Monmouth,4869,2312,0.95,0.00,0.95,5105.00,2424.00,Shore
Neptune City,township,Monmouth,27935,12991,8.67,0.49,8.18,3414.30,1587.80,Shore
Ocean Township,township,Monmouth,27291,11541,11.00,0.12,10.88,2509.10,1061.10,Shore
Oceanport,borough,Monmouth,5832,2390,3.80,0.62,3.18,1833.70,751.50,Shore
Red Bank,borough,Monmouth,12206,5381,2.16,0.42,1.74,7019.10,3094.40,Shore
Roosevelt,borough,Monmouth,882,327,1.92,0.01,1.91,461.80,171.20,Shore
Rumson,borough,Monmouth,7122,2585,7.12,2.06,5.06,1408.00,511.00,Shore
Sea Bright,borough,Monmouth,1412,1211,1.29,0.56,0.73,1935.50,1659.90,Shore
Sea Girt,borough,Monmouth,1828,1291,1.45,0.39,1.06,1729.60,1221.50,Shore
Shrewsbury Borough,borough,Monmouth,3809,1310,2.20,0.03,2.17,1757.20,604.40,Shore
Shrewsbury Township,township,Monmouth,1141,648,0.10,0.00,0.10,10877.70,6177.70,Shore
Spring Lake,borough,Monmouth,2993,2048,1.73,0.40,1.33,2250.80,1540.20,Shore
Spring Lake Heights,borough,Monmouth,4713,2972,1.31,0.03,1.28,3671.30,2315.10,Shore
Tinton Falls,borough,Monmouth,17892,8766,15.62,0.14,15.49,1155.30,566.00,Shore
Union Beach,borough,Monmouth,6245,2269,1.89,0.09,1.80,3461.50,1257.70,Shore
Upper Freehold,township,Monmouth,6902,2458,47.23,0.82,46.42,148.70,53.00,Shore
Wall Township,township,Monmouth,26164,10883,31.74,1.06,30.67,853.00,354.80,Shore
West Long Branch,borough,Monmouth,8097,2528,2.89,0.04,2.86,2832.90,884.50,Shore
Boonton,town,Morris,8347,3398,2.51,0.17,2.34,3574.60,1455.20,Skyland
Boonton Township,township,Morris,4263,1647,8.63,0.39,8.24,517.20,199.80,Skyland
Butler,borough,Morris,7539,3169,2.09,0.05,2.04,3703.20,1556.60,Skyland
Chatham Borough,borough,Morris,8962,3210,2.42,0.05,2.37,3776.10,1352.50,Skyland
Chatham Township,township,Morris,10452,4128,9.36,0.38,8.98,1164.20,459.80,Skyland
Chester Borough,borough,Morris,1649,647,1.60,0.00,1.59,1034.80,406.00,Skyland
Chester Township,township,Morris,7838,2697,29.46,0.09,29.38,266.80,91.80,Skyland
Denville,township,Morris,16635,6734,12.64,0.77,11.87,1401.80,567.40,Skyland
Dover,town,Morris,18157,5783,2.73,0.05,2.68,6765.50,2154.80,Skyland
East Hanover,township,Morris,11157,3976,8.14,0.24,7.89,1413.70,503.80,Skyland
Florham Park,borough,Morris,11696,4201,7.54,0.25,7.29,1604.90,576.40,Skyland
Hanover,township,Morris,13712,5526,10.73,0.20,10.52,1302.80,525.00,Skyland
Harding Township,township,Morris,3838,1610,20.44,0.53,19.92,192.70,80.80,Skyland
Jefferson,township,Morris,21314,8597,43.11,3.98,39.13,544.70,219.70,Skyland
Kinnelon,borough,Morris,10248,3600,19.19,1.20,17.99,569.70,200.10,Skyland
Lincoln Park,borough,Morris,10521,4145,6.91,0.53,6.38,1649.00,649.70,Skyland
Long Hill,township,Morris,8702,3226,12.14,0.29,11.85,734.30,272.20,Skyland
Madison,borough,Morris,15845,5775,4.22,0.01,4.21,3767.90,1373.30,Skyland
Mendham Borough,borough,Morris,4981,1798,6.00,0.05,5.95,837.10,302.20,Skyland
Mendham Township,township,Morris,5869,2062,18.10,0.23,17.87,328.40,115.40,Skyland
Mine Hill,township,Morris,3651,1380,3.03,0.09,2.94,1241.60,469.30,Skyland
Montville,township,Morris,21528,7823,19.06,0.58,18.48,1165.00,423.30,Skyland
Morris Plains,borough,Morris,5532,2197,2.59,0.04,2.56,2163.50,859.20,Skyland
Morris Township,township,Morris,22306,8502,15.76,0.14,15.62,1428.30,544.40,Skyland
Morristown,town,Morris,18411,8172,3.03,0.10,2.93,6284.90,2789.60,Skyland
Mount Arlington,borough,Morris,5050,2545,2.92,0.75,2.17,2325.20,1171.80,Skyland
Mount Olive,township,Morris,28117,11244,31.08,1.67,29.41,956.10,382.40,Skyland
Mountain Lakes,borough,Morris,4160,1363,2.89,0.27,2.62,1590.30,521.10,Skyland
Netcong,borough,Morris,3232,1449,0.92,0.07,0.84,3828.40,1716.40,Skyland
Parsippany-Troy Hills,township,Morris,53238,21274,25.39,1.83,23.56,2259.30,902.80,Skyland
Pequannock,township,Morris,15540,6794,7.17,0.42,6.75,2302.70,1006.70,Skyland
Randolph,township,Morris,25734,9343,21.07,0.25,20.82,1235.90,448.70,Skyland
Riverdale,borough,Morris,3559,1657,2.09,0.07,2.01,1766.50,822.50,Skyland
Rockaway Borough,borough,Morris,6438,2521,2.12,0.05,2.07,3106.70,1216.50,Skyland
Rockaway Township,township,Morris,24156,9587,45.55,4.14,41.40,583.40,231.60,Skyland
Roxbury,township,Morris,23324,8582,21.89,1.06,20.83,1119.90,412.10,Skyland
Victory Gardens,borough,Morris,1520,566,0.15,0.00,0.15,10419.20,3879.80,Skyland
Washington Township,township,Morris,18533,6488,44.77,0.38,44.39,417.50,146.20,Skyland
Wharton,borough,Morris,6522,2426,2.22,0.07,2.15,3039.00,1130.40,Skyland
Barnegat,borough,Ocean,574,1282,0.85,0.12,0.73,785.10,1753.60,Shore
Barnegat Light,township,Ocean,20936,9085,40.78,6.41,34.38,609.00,264.30,Shore
Bay Head,borough,Ocean,968,1023,0.70,0.12,0.58,1662.80,1757.30,Shore
Beach Haven,borough,Ocean,1170,2667,2.32,1.34,0.98,1196.00,2726.20,Shore
Beachwood,borough,Ocean,11045,3826,2.85,0.00,2.85,3878.40,1343.50,Shore
Berkeley Township,township,Ocean,41255,23818,56.00,13.13,42.86,962.50,555.70,Shore
Brick,township,Ocean,75072,33677,32.32,6.60,25.72,2919.40,1309.60,Shore
Eagleswood,township,Ocean,1603,760,18.86,2.80,16.06,99.80,47.30,Shore
Harvey Cedars,borough,Ocean,337,1214,1.19,0.63,0.56,604.60,2178.00,Shore
Island Heights,borough,Ocean,1673,831,0.91,0.30,0.61,2738.30,1360.20,Shore
Jackson,township,Ocean,54856,20342,100.62,1.38,99.24,552.70,205.00,Shore
Lacey Township,township,Ocean,27644,11573,98.53,15.27,83.26,332.00,139.00,Shore
Lakehurst,borough,Ocean,2654,943,1.01,0.09,0.91,2900.80,1030.70,Shore
Lakewood,township,Ocean,92843,26337,24.98,0.41,24.58,3777.70,1071.60,Shore
Lavallette,borough,Ocean,1875,3207,0.95,0.15,0.81,2319.20,3966.80,Shore
Little Egg Harbor,township,Ocean,20065,10324,73.05,25.69,47.37,423.60,218.00,Shore
Long Beach,township,Ocean,3051,9216,22.04,16.59,5.44,560.50,1693.00,Shore
Manchester,township,Ocean,43070,25886,82.69,1.07,81.62,527.70,317.20,Shore
Mantoloking,borough,Ocean,296,535,0.64,0.26,0.39,767.90,1387.90,Shore
Ocean Gate,borough,Ocean,2011,1203,0.45,0.01,0.45,4490.30,2686.10,Shore
Ocean Township,township,Ocean,8332,4291,32.04,11.49,20.56,405.30,208.80,Shore
Pine Beach,borough,Ocean,2127,903,0.62,0.00,0.61,3465.40,1471.20,Shore
Plumsted,township,Ocean,8421,3067,40.15,0.44,39.71,212.10,77.20,Shore
Point Pleasant,borough,Ocean,4665,3373,1.74,0.32,1.43,3270.10,2364.40,Shore
Point Pleasant Beach,borough,Ocean,18392,8331,4.17,0.68,3.49,5272.10,2388.10,Shore
Seaside Heights,borough,Ocean,2887,3003,0.75,0.13,0.62,4662.90,4850.20,Shore
Seaside Park,borough,Ocean,1579,2703,0.77,0.12,0.65,2429.40,4158.70,Shore
Ship Bottom,borough,Ocean,1156,2066,1.00,0.29,0.71,1620.60,2896.30,Shore
South Toms River,borough,Ocean,3684,1160,1.23,0.06,1.17,3146.70,990.80,Shore
Stafford Township,township,Ocean,26535,13604,54.88,9.03,45.85,578.80,296.70,Shore
Surf City,city,Ocean,1205,2566,0.92,0.17,0.75,1616.50,3442.40,Shore
Toms River,township,Ocean,91239,43334,52.88,12.40,40.49,2253.50,1070.30,Shore
Tuckerton,borough,Ocean,3347,1902,3.80,0.44,3.36,995.10,565.50,Shore
Bloomingdale,borough,Passaic,7656,3089,9.17,0.45,8.71,878.60,354.50,Gateway
Clifton,city,Passaic,84136,31946,11.40,0.14,11.26,7472.00,2837.10,Gateway
Haledon,borough,Passaic,8318,2932,1.16,0.00,1.15,7203.90,2539.30,Gateway
Hawthorne,borough,Passaic,18791,7756,3.36,0.03,3.33,5635.30,2326.00,Gateway
Little Falls,township,Passaic,14432,4925,2.81,0.07,2.74,5276.20,1800.50,Gateway
North Haledon,borough,Passaic,8417,3213,3.50,0.04,3.45,2436.80,930.20,Gateway
Passaic,city,Passaic,69781,20432,3.24,0.10,3.15,22179.60,6494.20,Gateway
Paterson,city,Passaic,146199,47946,8.70,0.28,8.43,17346.30,5688.70,Gateway
Pompton Lakes,borough,Passaic,11097,4341,3.19,0.28,2.91,3809.10,1490.10,Gateway
Prospect Park,borough,Passaic,5865,1931,0.48,0.00,0.48,12347.20,4065.20,Gateway
Ringwood,borough,Passaic,12228,4331,28.17,2.96,25.21,485.00,171.80,Gateway
Totowa,borough,Passaic,10804,3918,4.07,0.07,3.99,2704.90,980.90,Gateway
Wanaque,borough,Passaic,11116,4184,9.25,1.26,7.99,1391.20,523.70,Gateway
Wayne,township,Passaic,54717,19768,25.17,1.45,23.73,2306.00,833.10,Gateway
West Milford,township,Passaic,25850,10419,80.32,5.23,75.09,344.30,138.80,Gateway
Woodland Park,borough,Passaic,11819,4835,3.11,0.15,2.96,3987.90,1631.40,Gateway
Alloway Township,township,Salem,3467,1268,33.83,0.43,33.40,103.80,38.00,Delaware River
Carneys Point,township,Salem,8049,3502,17.74,0.87,16.86,477.30,207.70,Delaware River
Elmer ,borough,Salem,1395,577,0.88,0.01,0.87,1612.30,666.90,Delaware River
Elsinboro Township,township,Salem,1036,524,13.32,1.41,11.92,86.90,44.00,Delaware River
Lower Alloways Creek,township,Salem,1770,727,72.46,27.23,45.23,39.10,16.10,Delaware River
Mannington,township,Salem,1806,592,37.73,4.02,33.70,53.60,17.60,Delaware River
Oldmans Township,township,Salem,1773,699,20.38,0.93,19.45,91.10,35.90,Delaware River
Penns Grove ,borough,Salem,5147,2004,0.91,0.00,0.91,5656.00,2202.20,Delaware River
Pennsville,township,Salem,13409,5914,24.59,3.31,21.28,630.20,278.00,Delaware River
Pilesgrove,township,Salem,4016,1594,35.07,0.23,34.84,115.30,45.70,Delaware River
Pittsgrove,township,Salem,9393,3445,45.92,0.83,45.08,208.30,76.40,Delaware River
Quinton Township,township,Salem,2666,1099,24.58,0.49,24.09,110.70,45.60,Delaware River
Salem ,city,Salem,5146,2633,2.82,0.47,2.34,2195.90,1123.60,Delaware River
Upper Pittsgrove,township,Salem,3505,1310,40.49,0.16,40.33,86.90,32.50,Delaware River
Woodstown ,borough,Salem,3505,1529,1.63,0.04,1.58,2211.80,964.90,Delaware River
Bedminster  ,township,Somerset,8165,4349,26.30,0.22,26.08,313.10,166.80,Skyland
Bernards Township,township,Somerset,26652,10103,24.06,0.13,23.93,1113.60,422.10,Skyland
Bernardsville ,borough,Somerset,7707,2871,12.98,0.08,12.91,597.20,222.50,Skyland
Bound Brook ,borough,Somerset,10402,3816,1.69,0.04,1.66,6269.60,2300.00,Skyland
Branchburg  ,township,Somerset,14459,5419,20.28,0.24,20.04,721.40,270.40,Skyland
Bridgewater  ,township,Somerset,44464,16657,32.51,0.47,32.04,1387.90,519.90,Skyland
Far Hills ,borough,Somerset,919,418,4.88,0.08,4.80,191.60,87.10,Skyland
Franklin  ,township,Somerset,62300,24426,46.85,0.70,46.15,1350.00,529.30,Skyland
Green Brook  ,township,Somerset,7203,2448,4.48,0.01,4.47,1610.50,547.30,Skyland
Hillsborough  ,township,Somerset,38303,14030,55.00,0.47,54.54,702.30,257.30,Skyland
Manville ,borough,Somerset,10344,4277,2.45,0.09,2.36,4382.00,1811.90,Skyland
Millstone ,borough,Somerset,418,167,0.76,0.02,0.74,566.50,226.30,Skyland
Montgomery  ,township,Somerset,22254,7902,32.48,0.17,32.31,688.80,244.60,Skyland
North Plainfield ,borough,Somerset,21936,7848,2.81,0.01,2.79,7850.00,2808.50,Skyland
Peapack-Gladstone ,borough,Somerset,2582,949,5.85,0.04,5.81,444.50,163.40,Skyland
Raritan,borough,Somerset,6881,2847,2.04,0.04,1.99,3452.20,1428.30,Skyland
Rocky Hill ,borough,Somerset,682,292,0.62,0.00,0.62,1101.40,471.60,Skyland
Somerville ,borough,Somerset,12098,4951,2.36,0.03,2.33,5189.50,2123.80,Skyland
South Bound Brook ,borough,Somerset,4563,1865,0.75,0.10,0.66,6933.80,2834.00,Skyland
Warren  ,township,Somerset,15311,5258,19.64,0.08,19.57,782.50,268.70,Skyland
Watchung ,borough,Somerset,5801,2234,6.05,0.03,6.03,962.70,370.70,Skyland
Andover,borough,Sussex,606,263,1.47,0.02,1.45,417.30,181.10,Skyland
Andover Township,township,Sussex,6319,2181,20.69,0.73,19.96,316.60,109.30,Skyland
Branchville,borough,Sussex,841,386,0.60,0.01,0.59,1419.20,651.40,Skyland
Byram,township,Sussex,8350,3207,22.26,1.19,21.07,396.20,152.20,Skyland
Frankford Township,township,Sussex,5565,2520,35.44,1.42,34.02,163.60,74.10,Skyland
Franklin,borough,Sussex,5045,2136,4.57,0.07,4.50,1121.60,474.90,Skyland
Fredon Township,township,Sussex,3437,1289,18.00,0.28,17.72,194.00,72.70,Skyland
Green Township,township,Sussex,3601,1251,16.26,0.27,15.98,225.30,78.30,Skyland
Hamburg,borough,Sussex,3277,1476,1.16,0.02,1.14,2870.40,1292.90,Skyland
Hampton Township,township,Sussex,5196,2200,25.30,0.92,24.38,213.20,90.30,Skyland
Hardyston,township,Sussex,8213,3783,32.64,0.67,31.97,256.90,118.30,Skyland
Hopatcong,borough,Sussex,15147,6296,12.25,1.39,10.85,1395.50,580.00,Skyland
Lafayette,township,Sussex,2538,919,18.05,0.09,17.96,141.30,51.20,Skyland
Montague,township,Sussex,3847,1802,45.38,1.38,44.00,87.40,41.00,Skyland
Newton,town,Sussex,7997,3479,3.17,0.02,3.15,2542.20,1106.00,Skyland
Ogdensburg,borough,Sussex,2410,905,2.33,0.05,2.28,1055.40,396.30,Skyland
Sandyston Township,township,Sussex,1998,988,43.26,0.74,42.52,47.00,23.20,Skyland
Sparta,township,Sussex,19722,7423,38.97,2.02,36.94,533.90,200.90,Skyland
Stanhope,borough,Sussex,3610,1472,2.19,0.35,1.84,1966.30,801.80,Skyland
Stillwater,township,Sussex,4099,1930,28.38,1.32,27.06,151.50,71.30,Skyland
Sussex,borough,Sussex,2130,1005,0.62,0.03,0.59,3615.90,1706.10,Skyland
Vernon,township,Sussex,23943,10958,70.59,2.35,68.23,350.90,160.60,Skyland
Walpack Township,township,Sussex,16,15,24.70,0.65,24.05,0.70,0.60,Skyland
Wantage,township,Sussex,11358,4173,67.48,0.73,66.75,170.10,62.50,Skyland
Berkeley Heights ,township,Union,13183,4596,6.27,0.05,6.21,2122.40,739.90,Gateway
Clark ,township,Union,14756,5751,4.49,0.19,4.30,3430.50,1337.00,Gateway
Cranford ,township,Union,22625,8816,4.87,0.04,4.83,4684.60,1825.40,Gateway
Elizabeth ,city,Union,124969,45516,13.46,1.15,12.32,10144.10,3694.70,Gateway
Fanwood ,borough,Union,7318,2686,1.34,0.00,1.34,5454.10,2001.90,Gateway
Garwood ,borough,Union,4226,1870,0.66,0.00,0.66,6362.70,2815.50,Gateway
Hillside ,township,Union,21404,7536,2.76,0.01,2.75,7784.00,2740.60,Gateway
Kenilworth ,borough,Union,7914,2924,2.16,0.00,2.16,3668.30,1355.30,Gateway
Linden ,city,Union,40499,15872,11.41,0.73,10.68,3793.80,1486.80,Gateway
Mountainside ,borough,Union,6685,2558,4.05,0.04,4.01,1668.00,638.30,Gateway
New Providence ,borough,Union,12171,4537,3.66,0.02,3.64,3343.40,1246.30,Gateway
Plainfield ,city,Union,49808,16621,6.03,0.01,6.02,8270.10,2759.80,Gateway
Rahway ,city,Union,27346,11300,4.03,0.13,3.90,7016.80,2899.50,Gateway
Roselle ,borough,Union,21085,7939,2.66,0.01,2.65,7953.50,2994.70,Gateway
Roselle Park ,borough,Union,13297,5231,1.23,0.00,1.23,10792.70,4245.80,Gateway
Scotch Plains ,township,Union,23510,8896,9.05,0.03,9.02,2606.90,986.40,Gateway
Springfield ,township,Union,15817,6736,5.19,0.02,5.17,3057.20,1302.00,Gateway
Summit ,city,Union,21457,8190,6.05,0.05,6.00,3578.90,1366.00,Gateway
Union ,township,Union,56642,20250,9.09,0.02,9.07,6244.30,2232.40,Gateway
Westfield ,town,Union,30316,10950,6.74,0.02,6.72,4512.20,1629.80,Gateway
Winfield ,township,Union,1471,714,0.18,0.00,0.18,8320.10,4038.50,Gateway
Allamuchy,township,Warren,4323,2096,20.76,0.31,20.45,211.30,102.50,Skyland
Alpha ,borough,Warren,2369,1032,1.70,0.03,1.67,1417.20,617.40,Skyland
Belvidere ,town,Warren,2681,1140,1.49,0.04,1.45,1847.00,785.40,Skyland
Blairstown,township,Warren,5967,2272,31.70,0.89,30.82,193.60,73.70,Skyland
Franklin Township,township,Warren,3176,1219,24.13,0.09,24.04,132.10,50.70,Skyland
Frelinghuysen Township,township,Warren,2230,826,23.57,0.24,23.32,95.60,35.40,Skyland
Greenwich Township ,township,Warren,5712,1870,10.54,0.01,10.53,542.50,177.60,Skyland
Hackettstown ,town,Warren,9724,3755,3.71,0.10,3.61,2696.10,1041.10,Skyland
Hardwick Township ,township,Warren,1696,619,37.92,1.32,36.60,46.30,16.90,Skyland
Harmony Township,township,Warren,2667,1109,24.08,0.38,23.70,112.50,46.80,Skyland
Hope,township,Warren,1952,809,18.84,0.22,18.62,104.80,43.40,Skyland
Independence Township ,township,Warren,5662,2325,19.89,0.15,19.74,286.80,117.80,Skyland
Knowlton Township,township,Warren,3055,1212,25.33,0.58,24.75,123.40,49.00,Skyland
Liberty Township ,township,Warren,2942,1151,11.87,0.26,11.60,253.60,99.20,Skyland
Lopatcong,township,Warren,8014,3420,7.16,0.06,7.10,1129.00,481.80,Skyland
Mansfield Township ,township,Warren,7725,3316,29.93,0.11,29.82,259.10,111.20,Skyland
Oxford Township ,township,Warren,2514,1033,5.89,0.10,5.79,434.50,178.50,Skyland
Phillipsburg ,town,Warren,14950,6607,3.31,0.12,3.19,4682.10,2069.20,Skyland
Pohatcong Township ,township,Warren,3339,1420,13.71,0.36,13.36,250.00,106.30,Skyland
Washington ,borough,Warren,6461,2897,1.95,0.00,1.94,3326.80,1491.70,Skyland
Washington Township ,township,Warren,6651,2493,17.75,0.09,17.66,376.60,141.10,Skyland
White Township ,township,Warren,4882,2304,27.63,0.48,27.15,179.80,84.90,Skyland
